USE CompanyDB;
GO

PRINT '=== Очистка старых данных ===';
DELETE FROM dbo.MaterialSupplier;
DELETE FROM dbo.Material;
DELETE FROM dbo.MaterialType;
DELETE FROM dbo.Supplier;
GO

PRINT '=== Заполнение таблицы MaterialType ===';
SET IDENTITY_INSERT dbo.MaterialType ON;
INSERT INTO dbo.MaterialType (ID, Title, DefectedPercent)
VALUES
(1, N'Гранулы', 0.02),
(2, N'Краска', 0.05),
(3, N'Нить', 0.03);
SET IDENTITY_INSERT dbo.MaterialType OFF;
GO


PRINT '=== Заполнение таблицы Supplier ===';
SET IDENTITY_INSERT dbo.Supplier ON;
INSERT INTO dbo.Supplier (ID, Title, INN, StartDate, QualityRating, SupplierType)
VALUES
(1, N'ГаражТелекомГор', '1718185951', '2011-12-20', 36, N'МКК'),
(2, N'Компания Омск', '1878504395', '2012-09-13', 2, N'ОАО'),
(3, N'ГорМонтаж', '1564667734', '2016-12-23', 79, N'ООО'),
(4, N'Микро', '2293562756', '2019-05-27', 64, N'МКК'),
(5, N'Электро', '1755853973', '2015-06-16', 14, N'ЗАО'),
(6, N'Компания Мотор', '1429908355', '2010-12-27', 50, N'ООО'),
(7, N'Асбоцем', '1944834477', '2011-04-10', 20, N'МФО'),
(8, N'ВостокМети', '1488487851', '2012-03-13', 58, N'ООО'),
(9, N'МясКрепТеле', '2152486844', '2018-11-11', 59, N'ПАО'),
(10, N'Софт', '1036521658', '2011-11-23', 67, N'МКК'),
(11, N'Компания СервисМикроО', '1178826599', '2012-07-07', 5, N'ООО'),
(12, N'ИнфоГазМотор', '1954050214', '2011-07-23', 42, N'ОАО'),
(13, N'Монтаж', '1163880101', '2016-05-23', 10, N'ОАО'),
(14, N'ЭлектроЦвет', '1654184411', '2015-06-25', 3, N'ОАО'),
(15, N'Компания НефтьITИнф', '1685247455', '2017-03-09', 85, N'ООО'),
(16, N'ТомскНефть', '1002996016', '2015-05-07', 95, N'ООО'),
(17, N'ТомскТяжРеч', '1102143492', '2014-12-22', 36, N'МФО'),
(18, N'УралХме', '2291253256', '2015-05-22', 82, N'ООО'),
(19, N'ВодРыб', '1113468466', '2011-11-25', 21, N'ЗАО'),
(20, N'УралСервисМон', '1892306757', '2016-12-20', 26, N'МКК'),
(21, N'Казань', '1965011544', '2015-03-16', 51, N'ОАО'),
(22, N'Cиб', '1949139718', '2011-11-28', 95, N'ОАО'),
(23, N'ГаражГазМ', '1740623312', '2011-11-20', 86, N'ОАО'),
(24, N'МобайлДизайнОмск', '1014490629', '2019-10-28', 73, N'ООО'),
(25, N'ЖелДорГаз', '1255275062', '2014-09-04', 76, N'МФО'),
(26, N'ТверьБухГаз', '2167673760', '2013-11-13', 9, N'ОАО'),
(27, N'ТелекомТранс', '2200735978', '2015-01-11', 8, N'ОАО'),
(28, N'ГаражГлав', '1404774111', '2013-06-28', 89, N'МКК'),
(29, N'Компания К', '1468114280', '2018-12-07', 70, N'ПАО'),
(30, N'ТяжЛифтВостокС', '1032089879', '2012-08-13', 66, N'ОАО'),
(31, N'Компания Во', '2027005945', '2016-06-22', 11, N'ПАО'),
(32, N'МоторКаз', '1076279398', '2015-08-23', 37, N'ОАО'),
(33, N'Сервис', '2031832854', '2011-11-25', 25, N'ОАО'),
(34, N'ЮпитерТомс', '1551173338', '2011-07-28', 60, N'ПАО'),
(35, N'Мор', '1906157177', '2011-03-06', 82, N'МКК'),
(36, N'СеверТехВостокЛизинг', '1846812080', '2011-02-26', 30, N'ООО'),
(37, N'ЦементОбл', '2021607106', '2015-10-03', 42, N'ООО'),
(38, N'Компания КазаньАвтоCиб', '1371692583', '2015-10-19', 23, N'МКК'),
(39, N'ГаражХозФлот', '2164720385', '2018-08-28', 7, N'ОАО'),
(40, N'Компания МорМетал', '1947163072', '2013-11-18', 33, N'ООО'),
(41, N'ГлавРыб', '1426268088', '2018-11-09', 46, N'МФО'),
(42, N'CибCибОрио', '1988313615', '2018-01-13', 95, N'ООО'),
(43, N'ТелеРыбХм', '2299034130', '2012-02-10', 3, N'ООО'),
(44, N'ГлавАвтоГазТрест', '2059691335', '2014-08-04', 18, N'МФО'),
(45, N'ТяжКазаньБашкир', '1794419510', '2015-12-22', 85, N'ПАО'),
(46, N'Асбоцемент', '1650212184', '2018-12-09', 80, N'МФО'),
(47, N'Мотор', '1019917089', '2017-04-24', 19, N'ПАО'),
(48, N'МорФинансФинансМаш', '1549496316', '2013-06-18', 68, N'ООО'),
(49, N'РыбВектор', '2275526397', '2011-06-20', 92, N'ОАО'),
(50, N'Теле', '2170198203', '2010-05-01', 11, N'ПАО');
SET IDENTITY_INSERT dbo.Supplier OFF;
GO


PRINT '=== Заполнение таблицы Material ===';
SET IDENTITY_INSERT dbo.Material ON;
INSERT INTO dbo.Material (ID, Title, CountInPack, Unit, CountInStock, MinCount, Description, Cost, Image, MaterialTypeID)
VALUES
(1, N'Гранулы белый 2x2', 7, N'л', 76, 8, N'Гранулы белый 2x2', 47680.00, NULL, 1),
(2, N'Нить серый 1x0', 1, N'м', 978, 42, N'Нить серый 1x0', 27456.00, NULL, 3),
(3, N'Нить белый 1x3', 8, N'м', 406, 27, N'Нить белый 1x3', 2191.00, NULL, 3),
(4, N'Нить цветной 1x1', 3, N'г', 424, 10, N'Нить цветной 1x1', 8619.00, N'\materials\image_5.jpeg', 3),
(5, N'Нить цветной 2x0', 2, N'м', 395, 26, N'Нить цветной 2x0', 16856.00, NULL, 3),
(6, N'Краска синий 2x2', 6, N'л', 334, 48, N'Краска синий 2x2', 403.00, NULL, 2),
(7, N'Нить синий 0x2', 9, N'м', 654, 10, N'Нить синий 0x2', 7490.00, NULL, 3),
(8, N'Гранулы серый 2x2', 7, N'л', 648, 17, N'Гранулы серый 2x2', 15478.00, NULL, 1),
(9, N'Краска синий 1x2', 2, N'л', 640, 50, N'Краска синий 1x2', 44490.00, NULL, 2),
(10, N'Нить зеленый 2x0', 5, N'м', 535, 45, N'Нить зеленый 2x0', 28301.00, N'\materials\image_10.jpeg', 3),
(11, N'Гранулы синий 1x2', 3, N'кг', 680, 6, N'Гранулы синий 1x2', 9242.00, NULL, 1),
(12, N'Нить синий 3x2', 1, N'м', 529, 13, N'Нить синий 3x2', 10878.00, NULL, 3),
(13, N'Краска белый 2x2', 1, N'л', 659, 35, N'Краска белый 2x2', 29906.00, N'\materials\image_3.jpeg', 2),
(14, N'Краска зеленый 0x3', 2, N'л', 50, 48, N'Краска зеленый 0x3', 24073.00, NULL, 2),
(15, N'Нить зеленый 2x3', 7, N'г', 649, 25, N'Нить зеленый 2x3', 20057.00, NULL, 3),
(16, N'Краска белый 2x1', 2, N'л', 790, 8, N'Краска белый 2x1', 3353.00, NULL, 2),
(17, N'Нить серый 2x3', 1, N'г', 431, 40, N'Нить серый 2x3', 22452.00, NULL, 3),
(18, N'Гранулы серый 3x2', 5, N'л', 96, 9, N'Гранулы серый 3x2', 29943.00, NULL, 1),
(19, N'Краска серый 3x2', 3, N'л', 806, 50, N'Краска серый 3x2', 55064.00, NULL, 2),
(20, N'Гранулы белый 0x3', 3, N'кг', 538, 11, N'Гранулы белый 0x3', 7183.00, NULL, 1),
(21, N'Краска цветной 1x1', 3, N'л', 784, 22, N'Краска цветной 1x1', 43466.00, NULL, 2),
(22, N'Гранулы белый 1x0', 3, N'кг', 980, 41, N'Гранулы белый 1x0', 27718.00, NULL, 1),
(23, N'Краска серый 0x2', 3, N'кг', 679, 36, N'Краска серый 0x2', 33227.00, NULL, 2),
(24, N'Гранулы серый 3x3', 5, N'л', 2, 38, N'Гранулы серый 3x3', 15170.00, NULL, 1),
(25, N'Краска серый 3x0', 7, N'кг', 341, 38, N'Краска серый 3x0', 19352.00, NULL, 2),
(26, N'Гранулы синий 2x1', 9, N'л', 273, 17, N'Гранулы синий 2x1', 231.00, N'\materials\image_2.jpeg', 1),
(27, N'Гранулы синий 0x2', 9, N'л', 576, 36, N'Гранулы синий 0x2', 41646.00, NULL, 1),
(28, N'Нить цветной 1x0', 5, N'г', 91, 38, N'Нить цветной 1x0', 24948.00, NULL, 3),
(29, N'Краска зеленый 2x2', 2, N'кг', 752, 36, N'Краска зеленый 2x2', 19014.00, NULL, 2),
(30, N'Краска цветной 1x3', 9, N'кг', 730, 5, N'Краска цветной 1x3', 268.00, NULL, 2),
(31, N'Краска серый 2x0', 2, N'л', 131, 22, N'Краска серый 2x0', 35256.00, NULL, 2),
(32, N'Нить зеленый 2x1', 6, N'м', 802, 16, N'Нить зеленый 2x1', 34556.00, NULL, 3),
(33, N'Краска цветной 0x3', 10, N'л', 324, 9, N'Краска цветной 0x3', 3322.00, NULL, 2),
(34, N'Нить белый 2x3', 3, N'г', 283, 41, N'Нить белый 2x3', 10823.00, NULL, 3),
(35, N'Гранулы синий 3x0', 1, N'кг', 411, 8, N'Гранулы синий 3x0', 16665.00, NULL, 1),
(36, N'Гранулы синий 1x3', 8, N'л', 41, 30, N'Гранулы синий 1x3', 5668.00, NULL, 1),
(37, N'Нить цветной 2x1', 3, N'м', 150, 22, N'Нить цветной 2x1', 7615.00, NULL, 3),
(38, N'Гранулы серый 3x0', 4, N'л', 0, 5, N'Гранулы серый 3x0', 702.00, N'\materials\image_7.jpeg', 1),
(39, N'Краска синий 3x0', 7, N'л', 523, 42, N'Краска синий 3x0', 38644.00, NULL, 2),
(40, N'Нить зеленый 0x0', 8, N'м', 288, 43, N'Нить зеленый 0x0', 41827.00, NULL, 3),
(41, N'Гранулы белый 1x2', 4, N'л', 77, 46, N'Гранулы белый 1x2', 8129.00, NULL, 1),
(42, N'Краска белый 3x0', 5, N'кг', 609, 48, N'Краска белый 3x0', 51471.00, NULL, 2),
(43, N'Краска цветной 0x1', 6, N'л', 43, 8, N'Краска цветной 0x1', 54401.00, NULL, 2),
(44, N'Нить серый 1x1', 5, N'м', 372, 22, N'Нить серый 1x1', 14474.00, NULL, 3),
(45, N'Краска синий 2x1', 9, N'л', 642, 29, N'Краска синий 2x1', 46848.00, NULL, 2),
(46, N'Нить серый 3x0', 1, N'м', 409, 19, N'Нить серый 3x0', 29503.00, NULL, 3),
(47, N'Краска зеленый 3x3', 6, N'л', 601, 32, N'Краска зеленый 3x3', 27710.00, NULL, 2),
(48, N'Краска синий 2x0', 7, N'л', 135, 50, N'Краска синий 2x0', 40074.00, NULL, 2),
(49, N'Гранулы синий 2x3', 2, N'л', 749, 45, N'Гранулы синий 2x3', 53482.00, NULL, 1),
(50, N'Нить синий 0x3', 8, N'м', 615, 22, N'Нить синий 0x3', 32087.00, NULL, 3),
(51, N'Нить синий 3x3', 7, N'г', 140, 12, N'Нить синий 3x3', 45774.00, NULL, 3),
(52, N'Краска зеленый 2x3', 2, N'л', 485, 8, N'Краска зеленый 2x3', 44978.00, NULL, 2),
(53, N'Нить синий 3x0', 10, N'м', 67, 23, N'Нить синий 3x0', 44407.00, NULL, 3),
(54, N'Гранулы серый 2x1', 7, N'кг', 779, 44, N'Гранулы серый 2x1', 50339.00, NULL, 1),
(55, N'Краска зеленый 0x1', 2, N'л', 869, 7, N'Краска зеленый 0x1', 30581.00, NULL, 2),
(56, N'Краска синий 0x0', 8, N'кг', 796, 29, N'Краска синий 0x0', 18656.00, NULL, 2),
(57, N'Краска серый 2x1', 5, N'л', 706, 45, N'Краска серый 2x1', 46579.00, NULL, 2),
(58, N'Нить белый 0x1', 10, N'м', 101, 43, N'Нить белый 0x1', 36883.00, NULL, 3),
(59, N'Гранулы зеленый 1x2', 9, N'л', 575, 15, N'Гранулы зеленый 1x2', 45083.00, NULL, 1),
(60, N'Краска серый 0x1', 2, N'л', 768, 27, N'Краска серый 0x1', 35063.00, NULL, 2),
(61, N'Гранулы цветной 0x1', 3, N'л', 746, 50, N'Гранулы цветной 0x1', 24488.00, NULL, 1),
(62, N'Гранулы белый 3x1', 8, N'л', 995, 27, N'Гранулы белый 3x1', 43711.00, NULL, 1),
(63, N'Нить зеленый 0x2', 2, N'м', 578, 20, N'Нить зеленый 0x2', 17429.00, NULL, 3),
(64, N'Гранулы зеленый 0x2', 4, N'л', 206, 34, N'Гранулы зеленый 0x2', 38217.00, NULL, 1),
(65, N'Краска цветной 1x2', 10, N'л', 299, 50, N'Краска цветной 1x2', 47701.00, NULL, 2),
(66, N'Краска зеленый 1x0', 8, N'кг', 626, 17, N'Краска зеленый 1x0', 52189.00, NULL, 2),
(67, N'Гранулы серый 0x0', 5, N'л', 608, 12, N'Гранулы серый 0x0', 16715.00, NULL, 1),
(68, N'Гранулы синий 0x3', 5, N'кг', 953, 48, N'Гранулы синий 0x3', 45134.00, NULL, 1),
(69, N'Краска цветной 2x1', 1, N'л', 325, 45, N'Краска цветной 2x1', 1846.00, NULL, 2),
(70, N'Нить синий 2x3', 5, N'м', 10, 21, N'Нить синий 2x3', 43659.00, NULL, 3),
(71, N'Нить синий 2x1', 9, N'г', 948, 13, N'Нить синий 2x1', 12283.00, NULL, 3),
(72, N'Гранулы белый 1x1', 4, N'л', 93, 11, N'Гранулы белый 1x1', 6557.00, NULL, 1),
(73, N'Краска синий 1x3', 6, N'кг', 265, 17, N'Краска синий 1x3', 38230.00, NULL, 2),
(74, N'Краска зеленый 3x0', 2, N'л', 261, 7, N'Краска зеленый 3x0', 20226.00, N'\materials\image_1.jpeg', 2),
(75, N'Нить зеленый 1x0', 9, N'г', 304, 43, N'Нить зеленый 1x0', 8105.00, NULL, 3),
(76, N'Краска цветной 0x2', 7, N'л', 595, 38, N'Краска цветной 0x2', 2600.00, NULL, 2),
(77, N'Нить синий 3x1', 7, N'м', 579, 48, N'Нить синий 3x1', 4920.00, NULL, 3),
(78, N'Краска зеленый 0x2', 9, N'л', 139, 23, N'Краска зеленый 0x2', 39809.00, NULL, 2),
(79, N'Краска синий 3x3', 6, N'кг', 740, 24, N'Краска синий 3x3', 46545.00, NULL, 2),
(80, N'Краска зеленый 1x1', 2, N'кг', 103, 34, N'Краска зеленый 1x1', 40583.00, N'\materials\image_6.jpeg', 2),
(81, N'Краска цветной 2x3', 9, N'л', 443, 46, N'Краска цветной 2x3', 46502.00, NULL, 2),
(82, N'Нить цветной 3x0', 1, N'м', 989, 14, N'Нить цветной 3x0', 53651.00, NULL, 3),
(83, N'Гранулы серый 2x3', 6, N'л', 467, 28, N'Гранулы серый 2x3', 47757.00, NULL, 1),
(84, N'Краска белый 1x0', 6, N'л', 95, 6, N'Краска белый 1x0', 3543.00, NULL, 2),
(85, N'Гранулы серый 3x1', 10, N'кг', 762, 6, N'Гранулы серый 3x1', 10899.00, NULL, 1),
(86, N'Гранулы серый 2x0', 3, N'кг', 312, 21, N'Гранулы серый 2x0', 8939.00, N'\materials\image_8.jpeg', 1),
(87, N'Нить белый 0x2', 4, N'г', 43, 19, N'Нить белый 0x2', 29271.00, NULL, 3),
(88, N'Гранулы зеленый 1x1', 4, N'л', 10, 19, N'Гранулы зеленый 1x1', 46455.00, N'\materials\image_4.jpeg', 1),
(89, N'Нить серый 0x2', 3, N'м', 504, 10, N'Нить серый 0x2', 45744.00, N'\materials\image_9.jpeg', 3),
(90, N'Гранулы белый 0x2', 2, N'л', 581, 40, N'Гранулы белый 0x2', 9330.00, NULL, 1),
(91, N'Нить цветной 3x2', 3, N'м', 831, 46, N'Нить цветной 3x2', 2939.00, NULL, 3),
(92, N'Гранулы белый 3x0', 6, N'л', 208, 7, N'Гранулы белый 3x0', 50217.00, NULL, 1),
(93, N'Нить серый 1x2', 1, N'м', 292, 30, N'Нить серый 1x2', 30198.00, NULL, 3),
(94, N'Краска белый 0x1', 7, N'л', 423, 47, N'Краска белый 0x1', 19777.00, NULL, 2),
(95, N'Гранулы цветной 0x3', 7, N'кг', 723, 44, N'Гранулы цветной 0x3', 1209.00, NULL, 1),
(96, N'Нить серый 1x3', 1, N'г', 489, 25, N'Нить серый 1x3', 32002.00, NULL, 3),
(97, N'Гранулы белый 2x3', 4, N'л', 274, 8, N'Гранулы белый 2x3', 32446.00, NULL, 1),
(98, N'Краска зеленый 3x1', 10, N'л', 657, 19, N'Краска зеленый 3x1', 32487.00, NULL, 2),
(99, N'Гранулы цветной 3x2', 1, N'л', 32, 45, N'Гранулы цветной 3x2', 28596.00, NULL, 1),
(100, N'Нить белый 2x0', 2, N'м', 623, 23, N'Нить белый 2x0', 46684.00, NULL, 3);
SET IDENTITY_INSERT dbo.Material OFF;
GO


PRINT '=== Заполнение таблицы MaterialSupplier ===';
INSERT INTO dbo.MaterialSupplier (MaterialID, SupplierID)
VALUES
(1, 16), -- ТомскНефть
(1, 18), -- УралХме
(2, 35), -- Мор
(2, 41), -- ГлавРыб
(3, 5),  -- Электро
(3, 14), -- ЭлектроЦвет
(4, 8),  -- ВостокМети
(4, 17), -- ТомскТяжРеч
(5, 2),  -- Компания Омск
(5, 37); -- ЦементОбл
GO


PRINT '=== Заполнение завершено успешно ===';
